,RP overhead,EnTK overhead,Task Execution
4,0.6951902513228341,0.49059066536595886,0.02531454231119585
5,0.9244324931577705,0.18402464903444649,0.09691433566612166
6,1.1397604916761512,1.5770954532400543,0.08073375033810692
7,0.1112632967965151,0.025844784681668304,0.0982524803675051
