,RP overhead,EnTK overhead,Task Execution
1,28.712349891662598,8.654549837112427,12009.059949994087
2,21.54105019569397,9.709900140762329,24003.054349899292
4,27,11.21494996547699,48027.72775006294
