,RP overhead,EnTK overhead,Task Execution
1,0.1112632967965151,0.025844784681668304,0.0982524803675051
2,1.1690242711609689,0.07820617481026856,0.027400340566508384
4,0.4211174861545416,0.38498440287027297,0.0
