,RP overhead,EnTK overhead,Task Execution
4,10.316950142383575,3.006700038909912,12006.691599965096
5,10.481733282407125,4.075466473897298,12006.793200135231
6,13.268349945545197,7.069550275802612,12007.07530003786
7,28.712349891662598,8.654549837112427,12009.059949994087
