,NEW,P_LRMS_QUEUING,P_LRMS_RUNNING,P_LRMS_SUBMITTING,P_PMGR_QUEUING,P_PMGR_SCHEDULING,TTC,U_AGENT_EXECUTING,U_AGENT_QUEUING,U_AGENT_QUEUING_EXEC,U_AGENT_SCHEDULING,U_UMGR_BINDING,U_UMGR_SCHEDULING,cu_exec_start_stop,experiment,ncore,ncore_active,nhost,npilot,npilot_active,nunit,nunit_done,nunit_failed,sid,util_p_boot,util_p_orte,util_p_setup_1,util_p_setup_2,util_p_term,util_p_total,util_p_uexec,util_u_eprep,util_u_equeue,util_u_exec_app,util_u_exec_cu,util_u_exec_orte,util_u_exec_rp,util_u_pre_exec,util_u_total,util_u_unschedule
re.session.login2.hrlee.018147.0003,133.5621199607849,3011.0033090114594,16703.78326010704,6.3737099170684814,0.0005249977111816406,0.03740215301513672,1567937718.102061,16453.616816997528,0.01548123359680176,1.7706665992736816,0.04016304016113281,0.02376866340637207,0.7176084518432617,16444.931758642193,exp5,840,840,1,1,1,132,132,0,re.session.login2.hrlee.018147.0003,0,0,0,0,0,0,16698.006292104717,0.7707846164703369,1.7707686424255369,0,8.541749000549316,0,1.8364217281341555,8.462652206420897,16453.61994791031,0
re.session.login2.hrlee.018147.0001,495.09762811660767,3608.793673753738,24659.628137111664,6.230410099029541,0.0005309581756591797,0.03635907173156738,1567944717.4151244,23627.59360074997,0.04350113868713379,8.01586389541626,0.1910848617553711,0.14461421966552734,2.3546276092529297,23622.471390247345,exp5,3360,3360,1,1,1,492,491,1,re.session.login2.hrlee.018147.0001,0,0,0,0,0,0,24651.396548986435,2.6342966556549072,8.015967845916746,0,25.385559797286987,0,8.061999082565308,25.34524798393249,23627.597311735157,0
re.session.login2.hrlee.018146.0007,75.46956491470337,59.24578499794006,15775.005748033524,6.076735019683838,0.0005350112915039062,0.03642106056213379,1567883983.171905,15580.431276082993,0.009071111679077148,0.8875188827514648,0.017377138137817383,0.015639066696166992,0.44161081314086914,15574.639823436737,exp5,420,420,1,1,1,72,72,0,re.session.login2.hrlee.018146.0007,0,0,0,0,0,0,15767.192924976349,0.41080570220947266,0.8876197338104248,0,5.483827829360962,0,0.9354119300842285,5.423940181732178,15580.503745794296,0
